{
  "gizmos-infos": {
    "is2D": true,
    "is3DIcon": false,
    "iconSize": 2,
    "gridVisible": true,
    "gridColor": [
      166,
      166,
      166,
      255
    ],
    "transformToolName": "position",
    "pivot": "pivot",
    "coordinate": "local",
    "toolsVisibility3d": true
  },
  "__version__": "1.0.0",
  "builder": {},
  "snap-configs": {
    "position": {
      "x": 1,
      "y": 1,
      "z": 1
    },
    "rotation": 1,
    "scale": 1,
    "isPositionSnapEnabled": false,
    "isRotationSnapEnabled": false,
    "isScaleSnapEnabled": false
  },
  "rect-snap-configs": {
    "enableSnapping": true,
    "snapThreshold": 4
  },
  "float-window": {
    "position": {
      "cc": {
        "Camera": {
          "dock": false,
          "top": null,
          "bottom": 10,
          "left": null,
          "right": 10
        }
      }
    }
  },
  "camera-infos": {
    "faf0179d-3941-4ca8-a4ce-efceeff30dd1": {
      "position": {
        "x": 652.1270174632001,
        "y": 959.0045254297279,
        "z": 5000
      },
      "rotation": {
        "x": 0,
        "y": 0,
        "z": 0,
        "w": 1
      },
      "viewCenter": {
        "x": 0,
        "y": 0,
        "z": 0
      },
      "contentRect": {
        "x": -99.91877535551183,
        "y": 499.065105290175,
        "width": 1157.649025069638,
        "height": 708
      },
      "scale": 0.7696665788998707
    },
    "c77ecaa8-c936-46c4-a5b0-98692673ed87": {
      "position": {
        "x": 540,
        "y": 960,
        "z": 5000
      },
      "rotation": {
        "x": 0,
        "y": 0,
        "z": 0,
        "w": 1
      },
      "viewCenter": {
        "x": 0,
        "y": 0,
        "z": 0
      },
      "contentRect": {
        "x": 571.875,
        "y": 0,
        "width": 1815,
        "height": 1210
      },
      "scale": 0.9918032786885246
    },
    "f30ae949-c71f-45a0-acd1-f75fabcba328": {
      "position": {
        "x": -445.31452106718916,
        "y": 1361.5453889485614,
        "z": 5000
      },
      "rotation": {
        "x": 0,
        "y": 0,
        "z": 0,
        "w": 1
      },
      "viewCenter": {
        "x": 0,
        "y": 0,
        "z": 0
      },
      "contentRect": {
        "x": -5160.065158140422,
        "y": -1277.2467063683778,
        "width": 1138.1329211746522,
        "height": 637
      },
      "scale": 0.12069916404753582
    }
  },
  "camera-uuids": [
    "faf0179d-3941-4ca8-a4ce-efceeff30dd1",
    "c77ecaa8-c936-46c4-a5b0-98692673ed87",
    "f30ae949-c71f-45a0-acd1-f75fabcba328"
  ],
  "camera": {
    "color": [
      48,
      48,
      48,
      255
    ],
    "fov": 45,
    "far": 10000,
    "near": 0.01,
    "wheelSpeed": 0.01,
    "wanderSpeed": 10,
    "enableAcceleration": true,
    "size": "__default_design__",
    "far2D": 10000,
    "near2D": 1,
    "wheelSpeed2D": 6,
    "iso": 0,
    "aperture": 19,
    "shutter": 7
  },
  "scene_view": {
    "isSceneLightOn": true,
    "output_device": "__default_design__"
  },
  "game-view": {
    "fullScreen": true,
    "scaleValue": 91,
    "sliderValue": 45
  }
}
