{
  "gizmos-infos": {
    "is2D": true,
    "is3DIcon": false,
    "iconSize": 2,
    "gridVisible": true,
    "gridColor": [
      166,
      166,
      166,
      255
    ],
    "transformToolName": "rect",
    "pivot": "pivot",
    "coordinate": "local",
    "toolsVisibility3d": true
  },
  "__version__": "1.0.0",
  "builder": {
    "taskOptionsMap": {},
    "__version__": "1.3.7"
  },
  "snap-configs": {
    "position": {
      "x": 1,
      "y": 1,
      "z": 1
    },
    "rotation": 1,
    "scale": 1,
    "isPositionSnapEnabled": false,
    "isRotationSnapEnabled": false,
    "isScaleSnapEnabled": false
  },
  "rect-snap-configs": {
    "enableSnapping": true,
    "snapThreshold": 4
  },
  "float-window": {
    "position": {
      "cc": {
        "Camera": {
          "dock": false,
          "top": null,
          "bottom": 10,
          "left": null,
          "right": 10
        }
      }
    }
  },
  "camera-infos": {
    "c77ecaa8-c936-46c4-a5b0-98692673ed87": {
      "position": {
        "x": 540,
        "y": 960,
        "z": 5000
      },
      "rotation": {
        "x": 0,
        "y": 0,
        "z": 0,
        "w": 1
      },
      "viewCenter": {
        "x": 0,
        "y": 0,
        "z": 0
      },
      "contentRect": {
        "x": -1292.5853658536587,
        "y": 0,
        "width": 340.3125,
        "height": 605
      },
      "scale": 0.3151041666666667
    },
    "faf0179d-3941-4ca8-a4ce-efceeff30dd1": {
      "position": {
        "x": 536.6702592013953,
        "y": 389.1978444791627,
        "z": 5000
      },
      "rotation": {
        "x": 0,
        "y": 0,
        "z": 0,
        "w": 1
      },
      "viewCenter": {
        "x": 0,
        "y": 0,
        "z": 0
      },
      "contentRect": {
        "x": -605.2266490606282,
        "y": -309.1684077628584,
        "width": 1157.649025069638,
        "height": 708
      },
      "scale": 0.5068973462900382
    },
    "11ab7ef6-d569-4566-87c1-45aea9306238": {
      "position": {
        "x": 520.8434023043276,
        "y": 828.196995496472,
        "z": 5000
      },
      "rotation": {
        "x": 0,
        "y": 0,
        "z": 0,
        "w": 1
      },
      "viewCenter": {
        "x": 0,
        "y": 0,
        "z": 0
      },
      "contentRect": {
        "x": -620.7360815019684,
        "y": -1201.2776423813877,
        "width": 403.875,
        "height": 718
      },
      "scale": 0.17689307040337882
    },
    "f30ae949-c71f-45a0-acd1-f75fabcba328": {
      "position": {
        "x": 865.8910105897098,
        "y": 871.4274145560248,
        "z": 5000
      },
      "rotation": {
        "x": 0,
        "y": 0,
        "z": 0,
        "w": 1
      },
      "viewCenter": {
        "x": 0,
        "y": 0,
        "z": 0
      },
      "contentRect": {
        "x": -528.8526557607341,
        "y": -523.3162517944191,
        "width": 657,
        "height": 657
      },
      "scale": 0.23552714948659312
    }
  },
  "camera-uuids": [
    "c77ecaa8-c936-46c4-a5b0-98692673ed87",
    "faf0179d-3941-4ca8-a4ce-efceeff30dd1",
    "11ab7ef6-d569-4566-87c1-45aea9306238",
    "f30ae949-c71f-45a0-acd1-f75fabcba328"
  ],
  "camera": {
    "color": [
      48,
      48,
      48,
      255
    ],
    "fov": 45,
    "far": 10000,
    "near": 0.01,
    "wheelSpeed": 0.01,
    "wanderSpeed": 10,
    "enableAcceleration": true,
    "size": "__default_design__",
    "far2D": 10000,
    "near2D": 1,
    "wheelSpeed2D": 6,
    "iso": 0,
    "aperture": 19,
    "shutter": 7
  },
  "scene_view": {
    "isSceneLightOn": true,
    "output_device": "__default_design__"
  },
  "game-view": {
    "fullScreen": true,
    "scaleValue": 91,
    "sliderValue": 45
  }
}
